Domain,Status,Attractiveness,Demand,Length,Sectors,Created,Expires,Registrar
one.hair,available,132,43%,3,"Business,General,Media,Technology",,,
brief.hair,available,124,19%,5,"Business,Education,General,Law",,,
second.hair,available,120,23%,6,"General,Mathematics",,,
complete.hair,available,120,21%,8,"Manufacturing,Retail,Technology",,,
wizard.hair,available,118,42%,6,"Entertainment,Media,Technology",,,
equal.hair,available,116,19%,5,"Education,General,Law",,,
tenth.hair,available,116,7%,5,Mathematics,,,
tonic.hair,available,114,22%,5,"Health and Fitness,Medicine,Science",,,
above.hair,available,112,22%,5,Business,,,
acute.hair,available,112,9%,5,"Mathematics,Medicine,Science",,,
hotshot.hair,available,112,14%,7,"Business,Entertainment,Sports",,,
abstract.hair,available,108,29%,8,"Arts,Humanities,Science",,,
abiding.hair,available,106,5%,7,"General,Religion",,,
teen.hair,available,104,14%,4,"Education,Entertainment,Healthcare",,,
active.hair,available,104,27%,6,"Health and Fitness,Sports,Travel",,,
expert.hair,available,104,26%,6,"Business,Education,Technology",,,
eight.hair,available,102,23%,5,"General,Mathematics",,,
captive.hair,available,102,14%,7,"Entertainment,Hospitality,Technology",,,
extra.hair,resell,102,26%,5,"Fashion,Retail,Technology",30/01/2024 01:49,30/01/2026 23:59,"Spaceship, Inc."
absent.hair,available,102,8%,6,"Business,Education,Technology",,,
crack.hair,available,100,20%,5,Sports,,,
third.hair,available,100,15%,5,Mathematics,,,
whiz.hair,available,100,12%,4,"Business,Education,Technology",,,
abrupt.hair,available,100,3%,6,"Medicine,Science",,,
sixth.hair,available,100,8%,5,Mathematics,,,
eighth.hair,available,100,6%,6,Mathematics,,,
adjunct.hair,available,100,5%,7,Education,,,
ninth.hair,available,100,9%,5,Mathematics,,,
genius.hair,available,98,46%,6,"Arts,Education,Technology",,,
whizz.hair,available,98,11%,5,"Business,Education,Technology",,,
academic.hair,available,96,20%,8,"Education,Humanities,Science",,,
actual.hair,available,96,22%,6,"Real Estate,Retail,Technology",,,
alamode.hair,available,96,12%,9,Fashion,,,
doable.hair,available,96,9%,6,"Business,Education,Technology",,,
forgiving.hair,available,96,3%,9,"Healthcare,Religion",,,
around.hair,available,94,22%,6,"Business,General,Media,Technology",,,
abject.hair,available,94,7%,6,Humanities,,,
about.hair,available,94,28%,5,"Business,General,Media,Technology",,,
virtuoso.hair,available,94,16%,8,"Arts,Entertainment",,,
adequate.hair,available,94,9%,8,"Education,Healthcare,Technology",,,
adept.hair,available,92,24%,5,"Education,Health and Fitness,Sports",,,
adjective.hair,available,92,5%,9,Education,,,
abroad.hair,available,92,12%,6,"Hospitality,Travel",,,
neutral.hair,available,92,20%,7,"Business,Media,Politics",,,
exemplary.hair,available,92,5%,9,"Business,Education,Healthcare",,,
twentieth.hair,available,92,3%,9,Mathematics,,,
derelict.hair,available,92,7%,8,"Construction,Real Estate",,,
nought.hair,available,92,4%,6,Mathematics,,,
next.hair,available,92,43%,4,"Retail,Technology,Transportation",,,
gripping.hair,available,90,3%,8,"Entertainment,Media,Technology",,,
adoring.hair,available,90,2%,7,"Entertainment,Fashion,Retail",,,
leash.hair,available,90,7%,5,"General,Health and Fitness,Retail",,,
riveting.hair,available,90,6%,8,"Entertainment,Media,Technology",,,
clear.hair,available,90,47%,5,"Manufacturing,Retail,Technology",,,
additional.hair,available,90,8%,10,"Fashion,Retail,Technology",,,
addictive.hair,available,90,9%,9,Healthcare,,,
endearing.hair,available,90,1%,9,"Entertainment,Fashion,Retail",,,
abortive.hair,available,90,1%,8,"Medicine,Science",,,
eleven.hair,available,88,32%,6,Mathematics,,,
sixteen.hair,available,88,10%,7,Mathematics,,,
three.hair,available,88,23%,5,Mathematics,,,
hundred.hair,available,88,13%,7,Mathematics,,,
fifteen.hair,available,88,13%,7,Mathematics,,,
ten.hair,available,88,27%,3,"General,Mathematics",,,
proficient.hair,available,88,8%,10,"Education,Health and Fitness,Sports",,,
actionable.hair,available,88,13%,10,"Business,Law",,,
wide.hair,available,88,18%,4,"Business,Media,Technology",,,
activist.hair,available,88,12%,8,"Humanities,Politics",,,
adlib.hair,available,88,7%,6,Entertainment,,,
ace.hair,available,88,34%,3,Sports,,,
twelve.hair,available,88,18%,6,"General,Mathematics",,,
xiv.hair,available,86,12%,3,Mathematics,,,
extempore.hair,available,86,3%,9,Entertainment,,,
aboriginal.hair,available,86,10%,10,Humanities,,,
recondite.hair,available,86,4%,9,"Arts,Humanities,Science",,,
intent.hair,available,86,25%,6,"Business,Education,Technology",,,
adolescent.hair,available,86,3%,10,"Education,Entertainment,Healthcare",,,
star.hair,available,86,40%,4,"Entertainment,Media,Sports",,,
engrossing.hair,available,86,0%,10,"Entertainment,Media,Technology",,,
attendant.hair,available,86,5%,9,"Healthcare,Hospitality,Transportation",,,
cipher.hair,available,86,29%,6,Mathematics,,,
thousand.hair,available,84,8%,8,Mathematics,,,
deviate.hair,available,84,12%,7,"Medicine,Science",,,
sharp.hair,available,84,34%,5,"Arts,Fashion",,,
fourteen.hair,available,84,8%,8,Mathematics,,,
thirteen.hair,available,84,10%,8,Mathematics,,,
accessory.hair,available,84,8%,9,"Fashion,Retail,Technology",,,
twentyone.hair,available,84,13%,10,Mathematics,,,
acting.hair,available,84,12%,6,Entertainment,,,
twentytwo.hair,available,84,10%,10,Mathematics,,,
grand.hair,resell,84,25%,5,"Finance,General",10/01/2025 16:48,10/01/2026 23:59,"Spaceship, Inc."
nineteen.hair,available,84,8%,8,Mathematics,,,
adjustable.hair,available,84,3%,10,"Manufacturing,Retail,Technology",,,
seventeen.hair,available,84,7%,9,Mathematics,,,
enduring.hair,available,82,9%,8,"Health and Fitness,Religion",,,
altered.hair,available,82,9%,7,"Medicine,Science",,,
cleansing.hair,available,82,3%,9,Health and Fitness,,,
absorbent.hair,available,82,3%,9,"Healthcare,Manufacturing,Retail",,,
abkhaz.hair,available,82,1%,6,Geography,,,
abdominal.hair,available,82,1%,9,"Health and Fitness,Medicine",,,
impromptu.hair,available,82,16%,9,Entertainment,,,
good.hair,available,82,47%,4,"Food and Beverage,General,Health and Fitness,Retail",,,
fivesome.hair,available,82,1%,8,Sports,,,
dozen.hair,available,82,10%,5,Mathematics,,,
abenaki.hair,available,82,2%,7,Geography,,,
abroach.hair,available,82,1%,7,Food and Beverage,,,
decade.hair,available,82,10%,6,Mathematics,,,
some.hair,available,80,32%,4,"Business,Media,Retail",,,
forty.hair,available,80,9%,5,Mathematics,,,
nine.hair,available,80,24%,4,"General,Mathematics",,,
yard.hair,available,80,25%,4,"Construction,General",,,
wiz.hair,available,80,30%,3,"Business,Education,Technology",,,
capable.hair,available,80,12%,7,"Business,Education,Technology",,,
absurd.hair,available,80,16%,6,"Arts,Entertainment,Media",,,
adoptable.hair,available,80,3%,9,"Education,Healthcare",,,
two.hair,available,80,23%,3,Mathematics,,,
able.hair,available,80,29%,4,"Business,Education,General,Technology",,,
abundant.hair,available,80,19%,8,"Agriculture,Manufacturing,Retail",,,
absolute.hair,available,80,25%,8,"Engineering,Mathematics,Science",,,
worshipful.hair,available,80,1%,10,"Education,Healthcare,Religion",,,
twenty.hair,available,80,12%,6,Mathematics,,,
dorsal.hair,available,80,6%,6,"Medicine,Science",,,
absorbable.hair,available,80,0%,10,"Healthcare,Pharmaceuticals,Science",,,
superstar.hair,available,80,18%,9,Entertainment,,,
seventh.hair,available,80,10%,7,Mathematics,,,
first.hair,available,80,34%,5,"General,Mathematics",,,
sequent.hair,available,80,7%,7,"Healthcare,Insurance,Transportation",,,
acceptant.hair,available,78,1%,9,"Education,Healthcare",,,
accurate.hair,available,78,16%,8,"Engineering,Mathematics,Science",,,
abounding.hair,available,78,2%,9,Agriculture,,,
accepted.hair,available,78,6%,8,"Business,Education,Technology",,,
accidental.hair,available,78,11%,10,"Healthcare,Insurance,Transportation",,,
abkhazian.hair,available,78,1%,9,Geography,,,
adjacent.hair,available,78,9%,8,"Construction,Real Estate,Retail",,,
recognized.hair,available,78,3%,10,"Business,Education,Technology",,,
sixtynine.hair,available,78,8%,10,Mathematics,,,
athletic.hair,available,78,15%,8,"Health and Fitness,Sports",,,
recognised.hair,available,78,3%,10,"Business,Education,Technology",,,
adrenal.hair,available,78,4%,7,"Education,Healthcare,Science",,,
twentysix.hair,available,78,8%,10,Mathematics,,,
acceptable.hair,available,78,5%,10,"Business,Hospitality,Retail",,,
dormant.hair,available,78,4%,7,"Medicine,Science",,,
abkhasian.hair,available,78,1%,9,Geography,,,
honestly.hair,available,78,9%,8,"Business,Law",,,
accessible.hair,available,78,21%,10,"Healthcare,Retail,Technology",,,
absorptive.hair,available,78,1%,10,"Healthcare,Manufacturing,Retail",,,
incidental.hair,available,76,4%,10,"Healthcare,Insurance,Transportation",,,
energizing.hair,available,76,3%,10,"Food and Beverage,Health and Fitness,Travel",,,
nineteenth.hair,available,76,3%,10,Mathematics,,,
adherent.hair,available,76,4%,8,"Politics,Religion",,,
eighteen.hair,available,76,7%,8,Mathematics,,,
firstrate.hair,available,76,6%,10,Business,,,
ventral.hair,available,76,3%,7,Science,,,
abrasive.hair,available,76,6%,8,"Construction,Manufacturing",,,
acoustic.hair,available,76,14%,8,Science,,,
addable.hair,available,76,2%,7,"Engineering,Mathematics,Science",,,
improvise.hair,available,76,4%,9,Entertainment,,,
auxiliary.hair,available,76,7%,9,"Healthcare,Manufacturing,Technology",,,
diamond.hair,available,76,32%,7,Fashion,,,
adhesive.hair,available,76,7%,8,"Construction,Manufacturing,Technology",,,
hundredth.hair,available,76,1%,9,Mathematics,,,
fourteenth.hair,available,76,2%,10,Mathematics,,,
resultant.hair,available,76,2%,9,"Healthcare,Insurance,Transportation",,,
fifteenth.hair,available,76,2%,9,Mathematics,,,
ancillary.hair,available,76,6%,9,"Healthcare,Manufacturing,Technology",,,
thousandth.hair,available,76,1%,10,Mathematics,,,
adaptable.hair,available,76,9%,9,"Business,Education,Technology",,,
obscene.hair,available,76,5%,7,"Entertainment,Media",,,
ague.hair,available,76,2%,4,"Geography,Medicine,Science",,,
adipose.hair,available,76,2%,7,"Healthcare,Science",,,
adaptive.hair,available,76,28%,8,"Business,Education,Technology",,,
threed.hair,available,76,7%,7,Technology,,,
thirteenth.hair,available,76,3%,10,Mathematics,,,
supra.hair,available,74,25%,5,"Medicine,Science",,,
adamant.hair,available,74,14%,7,Religion,,,
mavin.hair,available,74,7%,5,"Entertainment,Fashion,Technology",,,
cleared.hair,available,74,7%,7,"Healthcare,Law,Transportation",,,
sensation.hair,available,74,7%,9,"Entertainment,Media,Sports",,,
accepting.hair,available,74,3%,9,"Education,Healthcare",,,
realizable.hair,available,74,1%,10,"Business,Education,Technology",,,
activated.hair,available,74,9%,9,"Healthcare,Manufacturing,Technology",,,
adrenergic.hair,available,74,1%,10,"Education,Healthcare,Science",,,
playing.hair,available,74,12%,7,Entertainment,,,
aberrant.hair,available,74,6%,8,"Medicine,Science",,,
single.hair,available,74,19%,6,Sports,,,
abnormal.hair,available,74,16%,8,"Medicine,Science",,,
broad.hair,available,74,13%,5,"Entertainment,General,Media",,,
adapted.hair,available,74,6%,7,"Healthcare,Manufacturing,Technology",,,
achievable.hair,available,74,4%,10,"Business,Education,Technology",,,
manageable.hair,available,74,4%,10,"Business,Education,Technology",,,
acuate.hair,available,74,2%,6,"Engineering,Medicine,Science",,,
adenoid.hair,available,74,1%,7,"Health and Fitness,Medicine,Science",,,
admirable.hair,available,74,5%,9,"Business,Education,Healthcare",,,
skilful.hair,available,74,3%,7,"Education,Health and Fitness,Sports",,,
adiabatic.hair,available,72,3%,9,"Engineering,Science",,,
accustomed.hair,available,72,1%,10,"Business,Education,Humanities",,,
absolutist.hair,available,72,1%,10,"Humanities,Law,Politics",,,
adjunctive.hair,available,72,1%,10,"Healthcare,Manufacturing,Technology",,,
ablaze.hair,available,72,6%,6,Entertainment,,,
absorbed.hair,available,72,2%,8,"Entertainment,Media,Technology",,,
sixtieth.hair,available,72,1%,8,Mathematics,,,
engrossed.hair,available,72,1%,9,"Entertainment,Media,Technology",,,
adjectival.hair,available,72,1%,10,Education,,,
seventieth.hair,available,72,1%,10,Mathematics,,,
improvize.hair,available,72,1%,9,Entertainment,,,
adaptative.hair,available,72,1%,10,"Business,Education,Technology",,,
adonic.hair,available,72,2%,6,"Arts,Education,Entertainment",,,
trey.hair,available,72,13%,4,Sports,,,
existent.hair,available,72,3%,8,"Mathematics,Science",,,
ninetieth.hair,available,72,1%,9,Mathematics,,,
deep.hair,available,72,41%,4,"Engineering,Mathematics,Science",,,
champion.hair,available,72,28%,8,"Entertainment,Health and Fitness,Sports",,,
liv.hair,available,72,28%,3,Mathematics,,,
addicted.hair,available,72,9%,8,Healthcare,,,
abloom.hair,available,72,5%,6,Agriculture,,,
eightieth.hair,available,72,1%,9,Mathematics,,,
abreast.hair,available,72,2%,7,"Business,Technology",,,
trinity.hair,available,72,18%,7,Religion,,,
ternary.hair,available,72,7%,7,Mathematics,,,
accusative.hair,available,72,0%,10,"Humanities,Law",,,
aching.hair,available,72,4%,6,Healthcare,,,
adjusted.hair,available,70,5%,8,"Manufacturing,Retail,Technology",,,
recumbent.hair,available,70,2%,9,"Healthcare,Medicine,Science",,,
tiptop.hair,available,70,24%,6,Fashion,,,
admired.hair,available,70,5%,7,"Business,Education,Healthcare",,,
skillful.hair,available,70,9%,8,"Education,Health and Fitness,Sports",,,
miserable.hair,available,70,4%,9,Humanities,,,
consequent.hair,available,70,3%,10,"Business,Education,General,Technology",,,
acuminate.hair,available,70,1%,9,"Engineering,Medicine,Science",,,
unity.hair,resell,70,38%,5,Mathematics,25/01/2025 22:04,25/01/2026 23:59,"Spaceship, Inc."
absorbing.hair,available,70,3%,9,"Entertainment,Media,Technology",,,
abradant.hair,available,70,1%,8,"Construction,Manufacturing",,,
accumbent.hair,available,70,1%,9,"Healthcare,Medicine,Science",,,
adamantine.hair,available,70,4%,10,Religion,,,
stillborn.hair,available,70,2%,9,"Medicine,Science",,,
lowdown.hair,available,70,6%,8,"Entertainment,Media",,,
offhand.hair,available,70,2%,7,Entertainment,,,
abulic.hair,available,70,1%,6,Medicine,,,
practiced.hair,available,70,3%,9,"Education,Health and Fitness,Sports",,,
gymnastic.hair,available,70,3%,9,"Entertainment,Sports",,,
adored.hair,available,70,6%,6,"Entertainment,Fashion,Retail",,,
aroused.hair,available,68,3%,7,"Entertainment,Health and Fitness",,,
ane.hair,available,68,12%,3,Mathematics,,,
aculeate.hair,available,68,1%,8,"Engineering,Medicine,Science",,,
licenced.hair,available,68,2%,8,"Business,Healthcare,Insurance",,,
octonary.hair,available,68,1%,8,Mathematics,,,
aberdonian.hair,available,68,1%,10,Geography,,,
decorated.hair,available,68,3%,9,"Entertainment,Fashion,Retail",,,
thirtieth.hair,available,68,1%,9,Mathematics,,,
activating.hair,available,68,3%,10,"Healthcare,Manufacturing,Technology",,,
acerate.hair,available,68,1%,7,Science,,,
vindicated.hair,available,68,2%,10,"Humanities,Law,Politics",,,
fiftieth.hair,available,68,1%,8,Mathematics,,,
achaean.hair,available,68,2%,7,Humanities,,,
abkhas.hair,available,68,0%,6,Geography,,,
scurvy.hair,available,68,3%,6,Humanities,,,
abnaki.hair,available,68,1%,6,Geography,,,
fortieth.hair,available,68,1%,8,Mathematics,,,
ennead.hair,available,68,5%,6,Mathematics,,,
disciple.hair,available,68,14%,8,"Education,Religion",,,
licensed.hair,available,68,5%,8,"Business,Healthcare,Insurance",,,
ablative.hair,available,68,3%,8,Science,,,
achaian.hair,available,68,2%,7,Humanities,,,
accredited.hair,available,68,9%,10,"Business,Education,Healthcare",,,
abducent.hair,available,68,0%,8,Medicine,,,
septenary.hair,available,68,2%,9,Mathematics,,,
foursome.hair,available,68,4%,8,Sports,,,
sevener.hair,available,68,1%,7,Mathematics,,,
threesome.hair,available,68,5%,9,Entertainment,,,
overseas.hair,available,68,12%,8,"Hospitality,Travel",,,
stygian.hair,available,68,5%,7,Humanities,,,
modish.hair,available,66,5%,6,Fashion,,,
eighty.hair,available,66,6%,6,Mathematics,,,
acrobatic.hair,available,66,4%,9,"Entertainment,Sports",,,
maven.hair,available,66,30%,5,"Entertainment,Fashion,Technology",,,
thirty.hair,available,66,7%,6,Mathematics,,,
four.hair,available,66,27%,4,Mathematics,,,
xii.hair,available,66,10%,3,Mathematics,,,
exonerated.hair,available,66,2%,10,"Humanities,Law,Politics",,,
clv.hair,available,66,10%,3,Mathematics,,,
performing.hair,available,66,6%,10,Entertainment,,,
buzzing.hair,available,66,7%,7,"Entertainment,Media,Technology",,,
accessary.hair,available,66,1%,9,"Business,Law,Technology",,,
six.hair,available,66,26%,3,Mathematics,,,
xxii.hair,available,66,6%,4,Mathematics,,,
xvi.hair,available,66,4%,3,Mathematics,,,
century.hair,available,66,17%,7,Education,,,
according.hair,available,66,3%,9,"Business,Education,Technology",,,
xxi.hair,available,66,10%,3,Mathematics,,,
five.hair,available,66,26%,4,Mathematics,,,
teenager.hair,available,66,4%,8,"Education,Entertainment,Healthcare",,,
abstinent.hair,available,66,1%,9,"Health and Fitness,Religion",,,
acervate.hair,available,66,1%,8,Science,,,
sextet.hair,available,66,2%,6,Entertainment,,,
fifty.hair,available,66,13%,5,Mathematics,,,
xiii.hair,available,66,9%,4,Mathematics,,,
adopted.hair,available,66,4%,7,"Education,Healthcare",,,
xxv.hair,available,66,6%,3,Mathematics,,,
xxvi.hair,available,66,3%,4,Mathematics,,,
deuce.hair,available,66,8%,5,Sports,,,
xviii.hair,available,66,4%,5,Mathematics,,,
onec.hair,available,66,6%,5,Mathematics,,,
ninety.hair,available,66,11%,6,Mathematics,,,
xvii.hair,available,66,5%,4,Mathematics,,,
acappella.hair,available,66,6%,10,Entertainment,,,
tenner.hair,available,66,4%,6,Finance,,,
adorned.hair,available,66,5%,7,"Entertainment,Fashion,Retail",,,
deviant.hair,available,64,12%,7,"Medicine,Science",,,
scatty.hair,available,64,1%,6,"Arts,Entertainment,Media",,,
aflame.hair,available,64,3%,6,Entertainment,,,
absolved.hair,available,64,1%,8,"Humanities,Law,Religion",,,
nondrinker.hair,available,64,1%,10,"Health and Fitness,Religion",,,
adagio.hair,available,64,14%,6,Entertainment,,,
accordant.hair,available,64,3%,9,"Arts,Entertainment",,,
acentric.hair,available,64,2%,8,Science,,,
astringent.hair,available,64,1%,10,"Healthcare,Pharmaceuticals",,,
rising.hair,available,64,18%,6,"Construction,Manufacturing,Real Estate",,,
abo.hair,available,62,15%,3,Science,,,
twodozen.hair,available,62,1%,9,Mathematics,,,
eighteenth.hair,available,62,1%,10,Mathematics,,,
accusing.hair,available,62,1%,8,Law,,,
activistic.hair,available,62,1%,10,"Humanities,Politics",,,
orso.hair,available,62,9%,5,"Business,Media,Technology",,,
playacting.hair,available,62,1%,10,Entertainment,,,
quartet.hair,available,62,7%,7,"Arts,Entertainment",,,
exculpated.hair,available,62,1%,10,"Humanities,Law,Politics",,,
adjuvant.hair,available,62,5%,8,"Healthcare,Manufacturing,Technology",,,
cumulative.hair,available,62,2%,10,"Banking,Finance,Insurance",,,
accrued.hair,available,62,2%,7,"Banking,Finance,Insurance",,,
ensuant.hair,available,62,1%,7,"Healthcare,Insurance,Transportation",,,
longdozen.hair,available,62,1%,10,Mathematics,,,
chiliad.hair,available,62,2%,7,Mathematics,,,
aufait.hair,available,62,3%,7,"Fashion,Media",,,
troika.hair,available,62,8%,6,Politics,,,
eleventh.hair,available,62,5%,8,Mathematics,,,
pungent.hair,available,62,1%,7,Food and Beverage,,,
activation.hair,available,62,16%,10,"Healthcare,Manufacturing,Technology",,,
roughly.hair,available,62,3%,7,"Business,Media,Technology",,,
nail.hair,available,62,16%,4,"Construction,Fashion,General,Retail",,,
fortyfour.hair,available,62,6%,10,Mathematics,,,
wrapped.hair,available,62,13%,7,"Fashion,Hospitality,Retail",,,
adoptive.hair,available,62,1%,8,"Education,Healthcare",,,
aborigine.hair,available,62,1%,9,Humanities,,,
admissible.hair,available,62,1%,10,"Education,Healthcare,Law",,,
acidic.hair,available,62,5%,6,"Food and Beverage,Science",,,
sixteenth.hair,available,62,1%,9,Mathematics,,,
abstemious.hair,available,60,0%,10,"Food and Beverage,Health and Fitness,Hospitality",,,
abashed.hair,available,60,1%,7,Humanities,,,
clxxv.hair,available,60,1%,5,Mathematics,,,
thou.hair,available,60,7%,4,Mathematics,,,
cautionary.hair,available,60,1%,10,"Business,Education,Healthcare",,,
abstainer.hair,available,60,0%,9,"Health and Fitness,Religion",,,
acceptive.hair,available,60,1%,9,"Education,Healthcare",,,
adnexal.hair,available,60,1%,7,"Agriculture,Manufacturing,Retail",,,
adnate.hair,available,60,1%,6,"Agriculture,Manufacturing,Retail",,,
xcl.hair,available,60,5%,3,Mathematics,,,
cxv.hair,available,60,4%,3,Mathematics,,,
cxxxv.hair,available,60,1%,5,Mathematics,,,
clxx.hair,available,60,2%,4,Mathematics,,,
eightysix.hair,available,60,7%,10,Mathematics,,,
cxlv.hair,available,60,2%,4,Mathematics,,,
annexal.hair,available,60,1%,7,"Agriculture,Manufacturing,Retail",,,
idolised.hair,available,60,1%,8,"Entertainment,Fashion,Retail",,,
idolized.hair,available,60,3%,8,"Entertainment,Fashion,Retail",,,
sixty.hair,available,60,13%,5,Mathematics,,,
clxxx.hair,available,60,1%,5,Mathematics,,,
tertiary.hair,available,60,4%,8,Education,,,
aboveboard.hair,available,60,5%,10,"Business,Law",,,
cxxv.hair,available,60,1%,4,Mathematics,,,
clx.hair,available,60,8%,3,Mathematics,,,
cxl.hair,available,60,7%,3,Mathematics,,,
clxv.hair,available,60,1%,4,Mathematics,,,
paunchy.hair,available,60,0%,7,"Health and Fitness,Medicine",,,
cxxx.hair,available,60,3%,4,Mathematics,,,
octet.hair,available,60,12%,5,Arts,,,
cxx.hair,available,60,9%,3,Mathematics,,,
tercet.hair,available,59,2%,6,"Arts,Entertainment,Media",,,
alacarte.hair,available,58,11%,10,Food and Beverage,,,
twelfth.hair,available,58,2%,7,Mathematics,,,
fourth.hair,available,58,13%,6,Mathematics,,,
hexad.hair,available,58,5%,5,Mathematics,,,
aucourant.hair,available,58,3%,10,"Fashion,Media",,,
tetrad.hair,available,58,5%,6,Mathematics,,,
cypher.hair,available,58,28%,6,Mathematics,,,
abused.hair,available,58,5%,6,"Healthcare,Law",,,
super.hair,available,58,47%,5,Business,,,
fourscore.hair,available,58,4%,9,Mathematics,,,
accoutred.hair,available,58,1%,9,"Fashion,Manufacturing,Retail",,,
adhoc.hair,available,58,24%,6,"Business,Engineering,Technology",,,
sextuplet.hair,available,58,1%,9,Healthcare,,,
abandoned.hair,available,58,10%,9,"Construction,Real Estate",,,
ache.hair,available,58,7%,4,Healthcare,,,
closeto.hair,available,58,3%,8,"Business,Media,Technology",,,
accented.hair,available,58,3%,8,"Arts,Entertainment",,,
eighter.hair,available,58,2%,7,Mathematics,,,
adjustive.hair,available,58,1%,9,"Manufacturing,Retail,Technology",,,
actuarial.hair,available,58,8%,9,"Finance,Insurance,Mathematics",,,
lxxviii.hair,available,58,1%,7,Mathematics,,,
sixtyone.hair,available,58,5%,9,Mathematics,,,
adient.hair,available,58,4%,6,"Medicine,Science",,,
quintet.hair,available,58,8%,7,"Arts,Entertainment",,,
accretive.hair,available,58,6%,9,"Banking,Finance,Insurance",,,
sixer.hair,available,58,5%,5,Sports,,,
addressed.hair,available,58,3%,9,"Business,Technology,Telecommunications",,,
linear.hair,available,58,22%,6,"Engineering,Mathematics,Science",,,
seven.hair,available,58,35%,5,Mathematics,,,
pentad.hair,available,58,3%,6,Mathematics,,,
centesimal.hair,available,58,1%,10,Mathematics,,,
addible.hair,available,58,2%,7,"Engineering,Mathematics,Science",,,
offhanded.hair,available,58,1%,9,Entertainment,,,
acyclic.hair,available,58,4%,7,"Engineering,Mathematics,Science",,,
heptad.hair,available,58,2%,6,Mathematics,,,
fifth.hair,available,58,12%,5,Mathematics,,,
abuzz.hair,available,58,5%,5,"Entertainment,Media,Technology",,,
seventy.hair,available,58,7%,7,Mathematics,,,
enwrapped.hair,available,58,0%,9,"Entertainment,Fashion,Media",,,
lxxx.hair,available,58,2%,4,Mathematics,,,
niner.hair,available,58,5%,5,Mathematics,,,
abridged.hair,available,58,4%,8,Media,,,
octad.hair,available,58,5%,5,Mathematics,,,
justabout.hair,available,58,3%,10,"Business,Media,Technology",,,
acetic.hair,available,58,1%,6,"Food and Beverage,Science",,,
ilx.hair,available,56,6%,3,Mathematics,,,
xlviii.hair,available,56,1%,6,Mathematics,,,
xlvii.hair,available,56,2%,5,Mathematics,,,
fiftyone.hair,available,56,8%,9,Mathematics,,,
xxxv.hair,available,56,4%,4,Mathematics,,,
admissive.hair,available,56,1%,9,"Education,Healthcare,Hospitality",,,
xlv.hair,available,56,6%,3,Mathematics,,,
halfdozen.hair,available,56,1%,10,Mathematics,,,
xlvi.hair,available,56,3%,4,Mathematics,,,
abdominous.hair,available,56,0%,10,"Health and Fitness,Medicine",,,
fortytwo.hair,available,56,17%,9,Mathematics,,,
terzetto.hair,available,56,3%,8,Arts,,,
xxiii.hair,available,56,4%,5,Mathematics,,,
potbellied.hair,available,56,0%,10,"Health and Fitness,Medicine",,,
fortynine.hair,available,56,3%,10,Mathematics,,,
xxiv.hair,available,56,5%,4,Mathematics,,,
fiftyfour.hair,available,56,4%,10,Mathematics,,,
thirtytwo.hair,available,56,4%,10,Mathematics,,,
xxvii.hair,available,56,3%,5,Mathematics,,,
lvi.hair,available,56,8%,3,Mathematics,,,
abeyant.hair,available,56,1%,7,"Business,Law",,,
xxxvi.hair,available,56,1%,5,Mathematics,,,
accoutered.hair,available,56,0%,10,"Fashion,Manufacturing,Retail",,,
xliii.hair,available,56,1%,5,Mathematics,,,
admittible.hair,available,56,1%,10,"Education,Healthcare,Hospitality",,,
thirtyone.hair,available,56,4%,10,Mathematics,,,
xxviii.hair,available,56,1%,6,Mathematics,,,
fortysix.hair,available,56,4%,9,Mathematics,,,
xxxviii.hair,available,56,1%,7,Mathematics,,,
lii.hair,available,56,7%,3,Mathematics,,,
thirtysix.hair,available,56,5%,10,Mathematics,,,
xxxvii.hair,available,56,2%,6,Mathematics,,,
fiftysix.hair,available,56,4%,9,Mathematics,,,
xxxiv.hair,available,56,1%,5,Mathematics,,,
xxxii.hair,available,56,1%,5,Mathematics,,,
xxxi.hair,available,56,8%,4,Mathematics,,,
liii.hair,available,56,4%,4,Mathematics,,,
triad.hair,available,56,15%,5,Arts,,,
xliv.hair,available,56,3%,4,Mathematics,,,
lviii.hair,available,56,1%,5,Mathematics,,,
lvii.hair,available,56,2%,4,Mathematics,,,
admittable.hair,available,56,1%,10,"Education,Healthcare,Hospitality",,,
xli.hair,available,56,5%,3,Mathematics,,,
fiftynine.hair,available,56,4%,10,Mathematics,,,
xxix.hair,available,56,4%,4,Mathematics,,,
xlii.hair,available,56,5%,4,Mathematics,,,
maledict.hair,available,56,1%,8,Religion,,,
xxxiii.hair,available,56,2%,6,Mathematics,,,
appressed.hair,available,56,0%,9,"Agriculture,Manufacturing,Retail",,,
fortyone.hair,available,56,5%,9,Mathematics,,,
aone.hair,available,56,15%,5,Food and Beverage,,,
fiftyfive.hair,available,56,8%,10,Mathematics,,,
addled.hair,available,56,2%,6,Entertainment,,,
fiftytwo.hair,available,56,6%,9,Mathematics,,,
topnotch.hair,available,54,18%,8,Business,,,
abatable.hair,available,54,1%,8,Law,,,
twoscore.hair,available,54,2%,8,Mathematics,,,
abhorrent.hair,available,54,1%,9,Humanities,,,
accursed.hair,available,54,3%,8,"Entertainment,Media,Religion",,,
acoustical.hair,available,54,4%,10,Science,,,
deuceace.hair,available,54,1%,9,Sports,,,
achy.hair,available,54,3%,4,Healthcare,,,
actuated.hair,available,54,2%,8,"Automotive,Manufacturing,Technology",,,
quadruplet.hair,available,54,1%,10,"Healthcare,Medicine,Science",,,
iii.hair,available,54,24%,3,Mathematics,,,
adducent.hair,available,54,1%,8,"Engineering,Mathematics,Science",,,
vii.hair,available,54,13%,3,Mathematics,,,
scratchy.hair,available,54,3%,8,Fashion,,,
abasic.hair,available,54,1%,6,Science,,,
accentual.hair,available,54,3%,9,"Arts,Entertainment",,,
quintuplet.hair,available,54,1%,10,"Healthcare,Medicine,Science",,,
unnatural.hair,available,54,4%,9,"Medicine,Science",,,
adaxial.hair,available,54,2%,7,Science,,,
deserted.hair,available,54,3%,8,"Hospitality,Real Estate",,,
abient.hair,available,54,1%,6,Science,,,
achromatic.hair,available,54,4%,10,Science,,,
abaxial.hair,available,54,1%,7,Science,,,
quaternity.hair,available,54,4%,10,Mathematics,,,
adjuratory.hair,available,54,0%,10,"Law,Politics,Religion",,,
aboral.hair,available,54,2%,6,Science,,,
abatic.hair,available,54,1%,6,Science,,,
ternion.hair,available,54,3%,7,Mathematics,,,
abducens.hair,available,54,1%,8,Medicine,,,
adducting.hair,available,54,1%,9,"Engineering,Mathematics,Science",,,
sise.hair,available,54,5%,4,Mathematics,,,
quaternion.hair,available,54,6%,10,Mathematics,,,
viii.hair,available,54,6%,4,Mathematics,,,
fin.hair,resell,54,30%,3,Finance,14/07/2025 08:18,14/07/2026 23:59,Dynadot LLC
adpressed.hair,available,54,0%,9,"Agriculture,Manufacturing,Retail",,,
threescore.hair,available,54,2%,10,Mathematics,,,
monitory.hair,available,54,3%,8,"Business,Education,Healthcare",,,
fortyfive.hair,available,54,5%,10,Mathematics,,,
adductive.hair,available,54,0%,9,"Engineering,Mathematics,Science",,,
quatern.hair,available,54,2%,7,Mathematics,,,
admonitory.hair,available,54,0%,10,"Business,Education,Healthcare",,,
sestet.hair,available,53,1%,6,Arts,,,
septet.hair,available,53,1%,6,General,,,
lxxxii.hair,available,52,1%,6,Mathematics,,,
abysmal.hair,available,52,4%,7,"Arts,Entertainment,Media",,,
sixtyfive.hair,available,52,3%,10,Mathematics,,,
odious.hair,available,52,2%,6,"Entertainment,Humanities",,,
tierce.hair,available,52,3%,6,General,,,
lxxii.hair,available,52,1%,5,Mathematics,,,
ninetysix.hair,available,52,4%,10,Mathematics,,,
abominable.hair,available,52,2%,10,"Entertainment,Humanities",,,
adenoidal.hair,available,52,1%,9,"Health and Fitness,Medicine,Science",,,
abusive.hair,available,52,3%,7,"Healthcare,Law",,,
lxxi.hair,available,52,2%,4,Mathematics,,,
lxiii.hair,available,52,2%,5,Mathematics,,,
lxxv.hair,available,52,2%,4,Mathematics,,,
lxxvi.hair,available,52,1%,5,Mathematics,,,
lxxvii.hair,available,52,2%,6,Mathematics,,,
xci.hair,available,52,4%,3,Mathematics,,,
lxv.hair,available,52,5%,3,Mathematics,,,
repugnant.hair,available,52,1%,9,Humanities,,,
uphill.hair,available,52,7%,6,"Sports,Transportation,Travel",,,
ixc.hair,available,52,5%,3,Mathematics,,,
lxxxiv.hair,available,52,1%,6,Mathematics,,,
lxxxvi.hair,available,52,1%,6,Mathematics,,,
lxxiii.hair,available,52,2%,6,Mathematics,,,
xciv.hair,available,52,2%,4,Mathematics,,,
ninetytwo.hair,available,52,4%,10,Mathematics,,,
littlejoe.hair,available,52,2%,10,"Entertainment,Media",,,
lxvii.hair,available,52,1%,5,Mathematics,,,
aboulic.hair,available,52,1%,7,Medicine,,,
lxii.hair,available,52,2%,4,Mathematics,,,
xciii.hair,available,52,1%,5,Mathematics,,,
eightyone.hair,available,52,3%,10,Mathematics,,,
sixtytwo.hair,available,52,3%,9,Mathematics,,,
sixtyfour.hair,available,52,4%,10,Mathematics,,,
ninetyone.hair,available,52,5%,10,Mathematics,,,
xcv.hair,available,52,7%,3,Mathematics,,,
detestable.hair,available,52,1%,10,Humanities,,,
ixl.hair,available,52,9%,3,Mathematics,,,
xcvii.hair,available,52,1%,5,Mathematics,,,
decumbent.hair,available,52,1%,9,"Healthcare,Medicine,Science",,,
lxxiv.hair,available,52,1%,5,Mathematics,,,
lxxxv.hair,available,52,1%,5,Mathematics,,,
lxvi.hair,available,52,3%,4,Mathematics,,,
lxviii.hair,available,52,2%,6,Mathematics,,,
xcviii.hair,available,52,1%,6,Mathematics,,,
chagrined.hair,available,52,1%,9,Humanities,,,
lxxxvii.hair,available,52,1%,7,Mathematics,,,
abstruse.hair,available,52,5%,8,"Humanities,Mathematics,Science",,,
lxiv.hair,available,52,3%,4,Mathematics,,,
eightytwo.hair,available,52,4%,10,Mathematics,,,
repulsive.hair,available,52,1%,9,Humanities,,,
xcii.hair,available,52,2%,4,Mathematics,,,
lxi.hair,available,52,5%,3,Mathematics,,,
xcvi.hair,available,52,2%,4,Mathematics,,,
ablated.hair,available,52,1%,7,Science,,,
lxxxi.hair,available,52,1%,5,Mathematics,,,
lxxxiii.hair,available,52,1%,7,Mathematics,,,
aborticide.hair,available,50,0%,10,Medicine,,,
cinque.hair,available,50,7%,6,Mathematics,,,
trine.hair,available,50,11%,5,"General,Religion",,,
abdicable.hair,available,50,0%,9,Law,,,
spinous.hair,available,50,1%,7,"Agriculture,Science",,,
acetous.hair,available,50,1%,7,Science,,,
ogdoad.hair,available,50,1%,6,Mathematics,,,
acerose.hair,available,50,1%,7,Science,,,
aculeated.hair,available,50,0%,9,"Engineering,Medicine,Science",,,
triplet.hair,available,50,8%,7,Science,,,
abducting.hair,available,50,0%,9,Medicine,,,
adhominem.hair,available,50,2%,10,"Humanities,Law,Politics",,,
acaudal.hair,available,50,1%,7,"Agriculture,Science",,,
acerbic.hair,available,50,2%,7,"Arts,Humanities,Media",,,
acetose.hair,available,50,1%,7,Science,,,
acellular.hair,available,50,1%,9,Science,,,
acapnic.hair,available,50,0%,7,"Healthcare,Medicine,Science",,,
vinegary.hair,available,50,1%,8,Food and Beverage,,,
abranchial.hair,available,50,0%,10,Science,,,
quint.hair,available,50,13%,5,"Arts,Entertainment",,,
acapnotic.hair,available,50,0%,9,"Healthcare,Medicine,Science",,,
abomasal.hair,available,50,0%,8,Agriculture,,,
acquitted.hair,available,50,1%,9,Law,,,
gillless.hair,available,50,0%,9,Science,,,
scummy.hair,available,50,1%,6,Humanities,,,
broached.hair,available,50,0%,8,Food and Beverage,,,
adactylous.hair,available,50,0%,10,Science,,,
abbatial.hair,available,50,0%,8,Religion,,,
lxx.hair,available,50,5%,3,Mathematics,,,
needlelike.hair,available,50,0%,10,"Engineering,Medicine,Science",,,
acerb.hair,available,50,2%,5,Science,,,
abactinal.hair,available,50,0%,9,Science,,,
abstracted.hair,available,48,5%,10,"Arts,Humanities,Science",,,
execrable.hair,available,48,0%,9,"Entertainment,Humanities",,,
notguilty.hair,available,48,5%,10,Law,,,
apriori.hair,available,48,13%,8,Mathematics,,,
ilxx.hair,available,48,1%,4,Mathematics,,,
ilxxx.hair,available,48,1%,5,Mathematics,,,
abyssal.hair,available,48,12%,7,"Arts,Entertainment,Media",,,
lxxxviii.hair,available,48,1%,8,Mathematics,,,
acaudate.hair,available,46,1%,8,"Agriculture,Science",,,
acapnial.hair,available,46,0%,8,"Healthcare,Medicine,Science",,,
acicular.hair,available,46,2%,8,Science,,,
acarpelous.hair,available,46,0%,10,"Agriculture,Science",,,
acetabular.hair,available,46,1%,10,Science,,,
stemless.hair,available,46,2%,8,"Agriculture,Science",,,
acanthoid.hair,available,46,1%,9,"Agriculture,Science",,,
acetonic.hair,available,46,1%,8,Science,,,
acarpous.hair,available,46,0%,8,"Agriculture,Science",,,
acetylic.hair,available,46,1%,8,Science,,,
achromous.hair,available,46,1%,9,Science,,,
vinegarish.hair,available,46,1%,10,Food and Beverage,,,
quaternary.hair,available,46,3%,10,Mathematics,,,
theabsurd.hair,available,46,1%,10,"Arts,Entertainment,Media",,,
acanthous.hair,available,46,0%,9,"Agriculture,Science",,,
cotyloid.hair,available,46,1%,8,Science,,,
achenial.hair,available,46,1%,8,Science,,,
acanthotic.hair,available,46,0%,10,"Agriculture,Science",,,
acetylenic.hair,available,46,1%,10,Science,,,
acephalous.hair,available,46,1%,10,Science,,,
achromic.hair,available,46,2%,8,Science,,,
stripling.hair,available,46,2%,9,"Education,Entertainment,Healthcare",,,
acheronian.hair,available,46,1%,10,Humanities,,,
accusatory.hair,available,44,1%,10,Law,,,
acherontic.hair,available,44,1%,10,Humanities,,,
abscessed.hair,available,41,0%,9,Healthcare,,,
phoebe.hair,available,41,14%,6,Science,,,
scurrilous.hair,available,40,1%,10,"Entertainment,Media,Politics",,,
accusive.hair,available,40,1%,8,Law,,,
accurst.hair,available,40,1%,7,Religion,,,